leader_name,author,sentiment,perceived_archetype,justification,source,is_reddit,upvotes
Washington,u/XxDiCaprioxX,negative,backstabber,Washington likes to denounce and backstab but is ineffective at it.,im_a_noob_can_you_describe_all_civ_personalities,True,1
Harun,u/XxDiCaprioxX,mixed,peaceful,Harun is quite peaceful but becomes stronger on higher difficulties.,im_a_noob_can_you_describe_all_civ_personalities,True,1
Ashurbanipal,u/XxDiCaprioxX,negative,warmonger,Ashurbanipal is an annoying warmonger likely to attack you early at least once.,im_a_noob_can_you_describe_all_civ_personalities,True,1
Maria Theresia,u/XxDiCaprioxX,mixed,diplomatic,Maria Theresia is non-aggressive but becomes diplomatically annoying regardless.,im_a_noob_can_you_describe_all_civ_personalities,True,1
Montezuma,u/XxDiCaprioxX,negative,warmonger,Montezuma is a huge warmonger who attacks early and constantly seeks war.,im_a_noob_can_you_describe_all_civ_personalities,True,1
Nebuchadnezzar,u/XxDiCaprioxX,mixed,peaceful,Nebuchadnezzar focuses on science and rarely declares war but is unfriendly.,im_a_noob_can_you_describe_all_civ_personalities,True,1
Pedro,u/XxDiCaprioxX,mixed,diplomatic,"Pedro is loyal and friendly until he sees you as a threat, then diplomatically hostile.",im_a_noob_can_you_describe_all_civ_personalities,True,1
Theodora,u/XxDiCaprioxX,mixed,religious,Theodora is neutral and peaceful but spams missionaries aggressively.,im_a_noob_can_you_describe_all_civ_personalities,True,1
Dido,u/XxDiCaprioxX,negative,backstabber,Dido backstabs throughout the game while focusing on expansion.,im_a_noob_can_you_describe_all_civ_personalities,True,1
Boudicca,u/XxDiCaprioxX,mixed,warmonger,Boudicca is mostly loyal but may attack early if your military is weak.,im_a_noob_can_you_describe_all_civ_personalities,True,1
Wu Zetian,u/XxDiCaprioxX,mixed,warmonger,Wu Zetian builds a sizeable army but is not particularly aggressive overall.,im_a_noob_can_you_describe_all_civ_personalities,True,1
Harald Bluetooth,u/XxDiCaprioxX,negative,warmonger,Harald Bluetooth is an aggressive warmonger who builds large armies for attacks.,im_a_noob_can_you_describe_all_civ_personalities,True,1
William,u/XxDiCaprioxX,mixed,diplomatic,"William focuses solely on trade and diplomacy, never building a real army.",im_a_noob_can_you_describe_all_civ_personalities,True,1
Ramesses,u/XxDiCaprioxX,mixed,wonder_builder,Ramesses spams wonders and sends missionaries but avoids war unless certain of victory.,im_a_noob_can_you_describe_all_civ_personalities,True,1
Elizabeth,unknown,mixed,diplomatic,Elizabeth builds a navy but is reserved and slow to change opinions.,im_a_noob_can_you_describe_all_civ_personalities,True,1
Haile Selassie,unknown,negative,warmonger,"Selassie is cocky, gets caught in wars, and gets annoyed easily.",im_a_noob_can_you_describe_all_civ_personalities,True,1
Napoleon,unknown,mixed,wonder_builder,"Napoleon is balanced but unremarkable, likely ending up on the weaker side.",im_a_noob_can_you_describe_all_civ_personalities,True,1
Bismarck,unknown,mixed,diplomatic,Bismarck is a loyal ally but causes diplomatic turmoil throughout the game.,im_a_noob_can_you_describe_all_civ_personalities,True,1
Alexander,unknown,negative,backstabber,Alexander buys all city states then declares war regardless of relations.,im_a_noob_can_you_describe_all_civ_personalities,True,1
Attila,unknown,negative,warmonger,Attila will likely attack you if you are his neighbor.,im_a_noob_can_you_describe_all_civ_personalities,True,1
Pachacuti,unknown,mixed,unpredictable,Pachacuti starts friendly but turns hostile faster than most other leaders.,im_a_noob_can_you_describe_all_civ_personalities,True,1
Gandhi,unknown,mixed,peaceful,Gandhi loves peace but also nukes and denounces any aggression.,im_a_noob_can_you_describe_all_civ_personalities,True,1
Gajah Mada,unknown,negative,backstabber,"Gajah Mada is disloyal, spams missionaries, and frequently starts wars.",im_a_noob_can_you_describe_all_civ_personalities,True,1
Hiawatha,unknown,mixed,expansionist,Hiawatha is peaceful and loyal but aggressively grabs enormous amounts of land.,im_a_noob_can_you_describe_all_civ_personalities,True,1
Oda Nobunaga,unknown,negative,warmonger,Oda Nobunaga attempts wars but fails miserably in the vast majority of cases.,im_a_noob_can_you_describe_all_civ_personalities,True,1
Sejong,unknown,negative,peaceful,"Sejong isolates himself and focuses on science, threatening a science victory.",im_a_noob_can_you_describe_all_civ_personalities,True,1
Pacal,unknown,negative,wonder_builder,"Pacal builds many wonders, spams missionaries, and inevitably goes to war.",im_a_noob_can_you_describe_all_civ_personalities,True,1
Genghis Khan,unknown,mixed,warmonger,Genghis Khan attacks city states and is loyal but often gets defeated by other AIs.,im_a_noob_can_you_describe_all_civ_personalities,True,1
Ahmad,unknown,positive,diplomatic,"Ahmad builds a strong economy, plays defensively, and is very diplomatically active.",im_a_noob_can_you_describe_all_civ_personalities,True,1
Suleyman,unknown,mixed,warmonger,Suleyman builds military forces but uses them ineffectively in war.,im_a_noob_can_you_describe_all_civ_personalities,True,1
Darius,unknown,mixed,unpredictable,Darius is described as average across all aspects of gameplay.,im_a_noob_can_you_describe_all_civ_personalities,True,1
Casimir,unknown,negative,warmonger,Casimir builds winged hussars and aggressively attacks nearby civilizations.,im_a_noob_can_you_describe_all_civ_personalities,True,1
Kamehameha,unknown,mixed,expansionist,Kamehameha forward-settles aggressively but remains friendly if not dominant.,im_a_noob_can_you_describe_all_civ_personalities,True,1
Maria,unknown,negative,unpredictable,Maria is dismissed negatively with no specific gameplay traits elaborated.,im_a_noob_can_you_describe_all_civ_personalities,True,1
Augustus,unknown,mixed,warmonger,Augustus focuses on military and cities but falls off after the Renaissance.,im_a_noob_can_you_describe_all_civ_personalities,True,1
Catherine,unknown,positive,expansionist,Catherine snowballs effectively with strong resource and army development.,im_a_noob_can_you_describe_all_civ_personalities,True,1
Pocatello,unknown,negative,city_spammer,Pocatello grabs excessive land and settles cities everywhere aggressively.,im_a_noob_can_you_describe_all_civ_personalities,True,1
Ramlhamhaeng,unknown,negative,diplomatic,Ramlhamhaeng focuses on city-state alliances and constantly denounces neighbors.,im_a_noob_can_you_describe_all_civ_personalities,True,1
Askia,unknown,mixed,religious,Askia aggressively spreads religion but can declare war in the late game.,im_a_noob_can_you_describe_all_civ_personalities,True,1
Isabella,unknown,mixed,religious,Isabella has a volatile personality and becomes extremely aggressive with religion.,im_a_noob_can_you_describe_all_civ_personalities,True,1
Gustavus Adolphus,unknown,mixed,diplomatic,Gustavus befriends everyone and focuses on great people and city growth.,im_a_noob_can_you_describe_all_civ_personalities,True,1
Enrico Dandolo,unknown,mixed,diplomatic,Enrico focuses on trading and buying city-state alliances throughout the game.,im_a_noob_can_you_describe_all_civ_personalities,True,1
Shaka,unknown,negative,warmonger,Shaka constantly declares war on neighbors but is loyal to stronger allies.,im_a_noob_can_you_describe_all_civ_personalities,True,1
Shaka,u/Robdd123,mixed,warmonger,"Shaka has extreme expansion and warmonger scores, making him unpredictably aggressive.",im_a_noob_can_you_describe_all_civ_personalities,True,1
Askia,u/PeanutButter1Butter,mixed,religious,Askia repeatedly sends missionaries to neighbors.,im_a_noob_can_you_describe_all_civ_personalities,True,1
Poland,u/PeanutButter1Butter,negative,warmonger,Poland acts as a warmonger specifically against AI neighbors.,im_a_noob_can_you_describe_all_civ_personalities,True,1
Caesar,unknown,negative,warmonger,Caesar is grouped with civs that aggressively declare war throughout the game.,im_a_noob_can_you_describe_all_civ_personalities,True,1
Gandhi,u/Whotakesmename,negative,warmonger,Gandhi is ironically associated with nuclear warfare in the comment.,im_a_noob_can_you_describe_all_civ_personalities,True,1
Shaka,u/Whotakesmename,negative,warmonger,"Shaka is described simply as himself, implying notorious aggressive reputation.",im_a_noob_can_you_describe_all_civ_personalities,True,1
Alexander the Great,u/KalegNar,negative,warmonger,Alexander repeatedly declares war and sends settlers aggressively across borders.,most_annoying_civ_in_the_game,True,1
Alexander,2woke4ufgt,negative,diplomatic,Alexander uses city-state votes to ban luxuries and embargo players in World Congress.,most_annoying_civ_in_the_game,True,1
Alexander,unknown,negative,diplomatic,Alexander dominates World Congress with city-state allies to bully leading players.,most_annoying_civ_in_the_game,True,1
Alexander,Crit-Monkey,negative,diplomatic,Alexander's diplomatic dominance forces the player to disable diplomatic victory.,most_annoying_civ_in_the_game,True,1
Shaka,u/Muffjuggler1295,negative,warmonger,Shaka is considered highly annoying when located nearby the player.,most_annoying_civ_in_the_game,True,1
Haile Selassie,u/Muffjuggler1295,negative,unpredictable,Ethiopia is mentioned as a secondary annoyance after Shaka.,most_annoying_civ_in_the_game,True,1
Haile Selassie,jumpsmash5,negative,religious,Spams missionaries and prophets nonstop and is annoying about wonders.,most_annoying_civ_in_the_game,True,1
Hiawatha,RedBaronKaren,negative,city_spammer,Mentioned due to constant city spam across all available land.,most_annoying_civ_in_the_game,True,18
Ramkhamhaeng,RedBaronKaren,negative,expansionist,Close second to Hiawatha due to constantly spying on the player.,most_annoying_civ_in_the_game,True,18
Alexander,Robdd123,negative,diplomatic,Everyone agrees Alexander is annoying; he hogs city states and spirals out of control.,most_annoying_civ_in_the_game,True,14
Dido,XxDiCaprioxX,negative,backstabber,"Declares war, asks for friendship, backstabs, and denounces unpredictably.",most_annoying_civ_in_the_game,True,1
Boudicca,XxDiCaprioxX,mixed,warmonger,Usually gets beaten up early but spams missionaries throughout the game.,most_annoying_civ_in_the_game,True,1
Hiawatha,XxDiCaprioxX,negative,city_spammer,Spams cities everywhere making it hard to navigate through his territory.,most_annoying_civ_in_the_game,True,1
Ramkhamhaeng,XxDiCaprioxX,negative,expansionist,Plants cities extremely close to your capital as a consistent strategy.,most_annoying_civ_in_the_game,True,1
Venice,XxDiCaprioxX,negative,wonder_builder,Buys city states permanently and spams wonders annoyingly.,most_annoying_civ_in_the_game,True,1
Dido,KrandoxReddit,negative,backstabber,Tried to manipulate war declarations while befriending the same target simultaneously.,most_annoying_civ_in_the_game,True,2
Hiawatha,2woke4ufgt,negative,city_spammer,Explicitly called out for spamming cities everywhere.,most_annoying_civ_in_the_game,True,1
Boudicca,2woke4ufgt,negative,religious,Described as spamming missionaries everywhere throughout the game.,most_annoying_civ_in_the_game,True,1
Ramkhamhaeng,2woke4ufgt,negative,unpredictable,Simply described as a annoyance with no further specific archetype detail.,most_annoying_civ_in_the_game,True,1
Haile Selassie,2woke4ufgt,negative,religious,Described as similar to Boudicca but slightly less annoying overall.,most_annoying_civ_in_the_game,True,1
Korea,KrandoxReddit,negative,warmonger,Either eliminated early or becomes a science monster threatening a Deity win.,most_annoying_civ_in_the_game,True,2
Greece,u/flyfire2002,negative,expansionist,Greece is a dangerous neighbor known for snatching city states aggressively.,most_annoying_civ_in_the_game,True,1
Inca,u/flyfire2002,negative,warmonger,Inca becomes frighteningly powerful in tech and warfare if left unchecked.,most_annoying_civ_in_the_game,True,1
The Netherlands,u/wyvernzu1,positive,diplomatic,Ranked among the best AIs to have when pursuing a science victory.,most_annoying_civ_in_the_game,True,1
Arabia,u/wyvernzu1,positive,diplomatic,Ranked among the best AIs to have when pursuing a science victory.,most_annoying_civ_in_the_game,True,1
Morocco,u/wyvernzu1,positive,diplomatic,Ranked among the best AIs to have when pursuing a science victory.,most_annoying_civ_in_the_game,True,1
Sweden,u/wyvernzu1,positive,diplomatic,Ranked among the best AIs to have when pursuing a science victory.,most_annoying_civ_in_the_game,True,1
Ethiopia,u/wyvernzu1,positive,religious,Ranked among the best AIs to have when pursuing a science victory.,most_annoying_civ_in_the_game,True,1
The Maya,u/wyvernzu1,positive,wonder_builder,Ranked among the best AIs to have when pursuing a science victory.,most_annoying_civ_in_the_game,True,1
Brazil,u/wyvernzu1,positive,diplomatic,Ranked among the best AIs to have when pursuing a science victory.,most_annoying_civ_in_the_game,True,1
The Zulu,u/wyvernzu1,negative,warmonger,Ranked among the worst AIs when pursuing a science victory on Deity.,most_annoying_civ_in_the_game,True,1
Greece,u/wyvernzu1,negative,expansionist,Ranked among the worst AIs when pursuing a science victory on Deity.,most_annoying_civ_in_the_game,True,1
The Iroquois,u/wyvernzu1,negative,expansionist,Ranked among the worst AIs when pursuing a science victory on Deity.,most_annoying_civ_in_the_game,True,1
England,u/wyvernzu1,negative,warmonger,Ranked among the worst AIs when pursuing a science victory on Deity.,most_annoying_civ_in_the_game,True,1
The Shoshone,u/wyvernzu1,negative,expansionist,Ranked among the worst AIs when pursuing a science victory on Deity.,most_annoying_civ_in_the_game,True,1
Polynesia,u/wyvernzu1,negative,expansionist,Ranked among the worst AIs when pursuing a science victory on Deity.,most_annoying_civ_in_the_game,True,1
Venice,u/wyvernzu1,negative,diplomatic,Ranked among the worst AIs when pursuing a science victory on Deity.,most_annoying_civ_in_the_game,True,1
Venice,u/iamchuckdizzle,mixed,diplomatic,Venice buys city states but can also give the player free real estate.,most_annoying_civ_in_the_game,True,1
Attila,DebilWG,negative,warmonger,Attila constantly attacks and forces players to neglect infrastructure for military.,most_annoying_civ_in_the_game,True,1
Austria,u/bikes_r_us,negative,diplomatic,Austria buys all city states and uses them to plant cities on your borders.,most_annoying_civ_in_the_game,True,1
Alexander,White_Lord,negative,warmonger,"Alexander is implied to be notoriously dangerous, shocking those unfamiliar with him.",most_annoying_civ_in_the_game,True,1
Attila the hun,u/civnub,negative,warmonger,"Attila forces massive military spending, leaving no room for development or wonders.",most_annoying_civ_in_the_game,True,1
Egypt,SuperDevton112,negative,wonder_builder,"Egypt builds ancient wonders too quickly, denying them to other players.",most_annoying_civ_in_the_game,True,1
Maya,u/CMDR_black_vegetable,mixed,wonder_builder,Maya steals religious wonders but is peaceful enough to exploit as a neighbor.,most_annoying_civ_in_the_game,True,1
George Washington,unknown,mixed,diplomatic,Annoying as neighbor but good ally who DoFs easily and joins wars.,most_annoying_civ_in_the_game,True,1
Carthage,Rameon_Dryan716,negative,expansionist,Mentioned with a frown emoji suggesting frustration with Carthage.,most_annoying_civ_in_the_game,True,1
Ghengis Khan,unknown,negative,backstabber,Kept spying repeatedly and manipulated peace treaties to avoid consequences.,most_annoying_civ_in_the_game,True,1
Genghis,unknown,negative,warmonger,"Prone to killing cultural city-states, useful only as a denouncing target.",most_annoying_civ_in_the_game,True,1
Askia,Rameon_Dryan716,negative,warmonger,Attacks city-states and nearby civs instead of distant enemies.,most_annoying_civ_in_the_game,True,1
Askia,unknown,mixed,warmonger,"Warmongering early but shifts to diplomacy late, boom or bust performance.",most_annoying_civ_in_the_game,True,1
Indonesia,unknown,negative,backstabber,Described as a deceptive warmonger who hypocritically hates warmongers.,most_annoying_civ_in_the_game,True,1
Oda,unknown,negative,warmonger,"Called a plain psychopath, harder to deal with than Shaka or Attila.",most_annoying_civ_in_the_game,True,1
Pocatello,jorgepinata,mixed,expansionist,Friendly personality but his UA grabs territory aggressively as a neighbor.,most_annoying_civ_in_the_game,True,2
Pocatello,2woke4ufgt,negative,expansionist,Second settler stole all workable tiles by turn 3 on Deity.,most_annoying_civ_in_the_game,True,1
Alexander the Great,tevoibataie,negative,unpredictable,"Mentioned with no comment, implying obvious notorious reputation.",most_annoying_civ_in_the_game,True,2
Isabella,ruiluth,negative,backstabber,Always backstabbing and getting aggressive over religious differences.,most_annoying_civ_in_the_game,True,2
France,Tripredacus-Agent,negative,warmonger,Always appears early and threatens militarily with superior forces.,most_annoying_civ_in_the_game,True,1
Zulu,alodemonidGD,negative,warmonger,Disliked enough to mention despite forgetting the leader's name.,most_annoying_civ_in_the_game,True,1
Siam,unknown,mixed,warmonger,A meme warmonger who hates warmongers but often eliminated before Industrial era.,most_annoying_civ_in_the_game,True,1
Marbozir,2woke4ufgt,negative,expansionist,Marbozir tends to forward settle and complain about city state relationships.,most_annoying_civ_in_the_game,True,1
Marbozir,Hour-Shelter-2541,negative,backstabber,He backstabs in about half the games played with him.,most_annoying_civ_in_the_game,True,1
Marbozir,thedogz11,negative,backstabber,"He acted friendly, accepted gifts and open borders, then declared war shortly after.",most_annoying_civ_in_the_game,True,1
Ramkanghang,CertifiedBreads,negative,religious,He converts your cities with prophets even after agreeing not to.,most_annoying_civ_in_the_game,True,1
Genghis Khan,G3llade,negative,warmonger,Frequently appears and causes trouble in games.,most_annoying_civ_in_the_game,True,1
Ashurbanipal,G3llade,negative,diplomatic,Constantly appears and aggressively marries city states as Austria.,most_annoying_civ_in_the_game,True,1
Maria Theresa,G3llade,negative,diplomatic,She frequently married around 4 city states in one emperor game.,most_annoying_civ_in_the_game,True,1
Bou,SaveEmailB4Logout,mixed,religious,She is fair with religion but unforgiving if you cross her first.,most_annoying_civ_in_the_game,True,1
Isabella,SaveEmailB4Logout,negative,religious,Mentioned as aggressively spamming prophets and missionaries unlike Bou.,most_annoying_civ_in_the_game,True,1
Theodora,SaveEmailB4Logout,negative,religious,"Spams religious units and unlike Bou, will forgive transgressions.",most_annoying_civ_in_the_game,True,1
Napoleon,SaveEmailB4Logout,mixed,unpredictable,"Unlike Bou, Napoleon will forgive you if you step on his toes.",most_annoying_civ_in_the_game,True,1
Shaka,Thrillhouse763,negative,warmonger,"Mentioned negatively with no further elaboration, implying notorious reputation.",most_annoying_civ_in_the_game,True,1
Attila,XxDiCaprioxX,negative,warmonger,"Mentioned negatively with no further elaboration, implying notorious reputation.",most_annoying_civ_in_the_game,True,1
Indonesia,TomHast03,negative,unpredictable,"Kept mocking the player even after being completely defeated, requiring a nuclear strike.",most_annoying_civ_in_the_game,True,1
Pedro II,unknown,positive,peaceful,Pedro II is very peaceful and always willing to declare friendship.,which_ai_leaders_do_you_like_and_hate,True,1
Gandhi,unknown,mixed,peaceful,Gandhi is peaceful and friendly but occasionally goes berserk unexpectedly.,which_ai_leaders_do_you_like_and_hate,True,1
Ahmad Al-Mansur,unknown,positive,peaceful,Al-Mansur is peaceful but takes longer to befriend than others.,which_ai_leaders_do_you_like_and_hate,True,1
Askia,unknown,mixed,unpredictable,Askia can be a best friend or worst enemy depending on the game.,which_ai_leaders_do_you_like_and_hate,True,1
Genghis Khan,unknown,mixed,warmonger,Genghis is a good war ally but a dangerous and aggressive neighbor.,which_ai_leaders_do_you_like_and_hate,True,1
Kamehameha,unknown,mixed,unpredictable,Kamehameha is a good friend when not neighbors but unpredictably expansionist.,which_ai_leaders_do_you_like_and_hate,True,1
Sejong,unknown,mixed,expansionist,Sejong is friendly but becomes a massive science and expansion threat.,which_ai_leaders_do_you_like_and_hate,True,1
Harald Bluetooth,unknown,mixed,warmonger,Harald is usually friendly but dangerously aggressive when a neighbor.,which_ai_leaders_do_you_like_and_hate,True,1
Alexander,unknown,negative,expansionist,"Alexander is highly expansionist, declares war randomly, and dominates city-states.",which_ai_leaders_do_you_like_and_hate,True,1
Ramkhamhaeng,unknown,negative,backstabber,Ramkhamhaeng betrays allies once they are no longer useful to him.,which_ai_leaders_do_you_like_and_hate,True,1
Harun al-Rashid,unknown,negative,religious,"Harun constantly declares war, spams missionaries, and forward settles aggressively.",which_ai_leaders_do_you_like_and_hate,True,1
Hiawatha,unknown,negative,city_spammer,"Hiawatha is the best city-spammer, reaching 10+ cities by Renaissance era.",which_ai_leaders_do_you_like_and_hate,True,1
Darius I,unknown,negative,city_spammer,Darius I ruins games through relentless forward settling like Hiawatha.,which_ai_leaders_do_you_like_and_hate,True,1
George Washington,unknown,negative,expansionist,"Washington is disloyal, denounce-happy, and always pursues aggressive expansion.",which_ai_leaders_do_you_like_and_hate,True,1
Elizabeth,unknown,negative,expansionist,Elizabeth is a huge expansionist threat and gets hostile for the slightest reasons.,which_ai_leaders_do_you_like_and_hate,True,1
Pocatello,unknown,negative,expansionist,"Pocatello aggressively claims land tiles, leaving no room for neighbors.",which_ai_leaders_do_you_like_and_hate,True,1
Alexander,matthkamis,negative,warmonger,"Alexander is universally hated, implying consistent aggressive behavior.",which_ai_leaders_do_you_like_and_hate,True,1
Enrico Dandolo,ngshafer,negative,diplomatic,Enrico Dandolo is so despised the author makes it a priority to kill him.,which_ai_leaders_do_you_like_and_hate,True,21
Enrico Dandolo,Chookity-poks,negative,diplomatic,"Enrico messes with city-states, which infuriates the author.",which_ai_leaders_do_you_like_and_hate,True,1
Maria Theresa,Chookity-poks,negative,diplomatic,"Maria Theresa interferes with city-states, angering the author.",which_ai_leaders_do_you_like_and_hate,True,1
Pedro,Chintek45,positive,peaceful,Pedro is chill and friendly as long as you are not a warmonger.,which_ai_leaders_do_you_like_and_hate,True,6
Gandhi,Chintek45,positive,peaceful,Gandhi is chill and almost always friendly with no issues reported.,which_ai_leaders_do_you_like_and_hate,True,6
Ahmad al-Mansour,Chintek45,positive,peaceful,Ahmad al-Mansour is consistently peaceful and never causes issues.,which_ai_leaders_do_you_like_and_hate,True,6
Enrico Dandolo,Chintek45,negative,city_spammer,Dandolo buys every city-state and constantly spams Missionaries.,which_ai_leaders_do_you_like_and_hate,True,6
Alexander,Chintek45,negative,city_spammer,"Alexander spams cities, forward-settles, steals city-state allies, and declares war.",which_ai_leaders_do_you_like_and_hate,True,6
Haile Selassie,Chintek45,negative,religious,Selassie immediately maxes Piety and spams Missionaries and Great Prophets.,which_ai_leaders_do_you_like_and_hate,True,6
Hiawatha,Chintek45,negative,city_spammer,Hiawatha is hated for obvious city-spamming reasons.,which_ai_leaders_do_you_like_and_hate,True,6
Harun al-Rashid,Chintek45,negative,city_spammer,"Harun al-Rashid is noted for city spam, though less than Hiawatha.",which_ai_leaders_do_you_like_and_hate,True,6
Casimir,Chintek45,negative,city_spammer,"Casimir is noted for city spam, though less than Hiawatha.",which_ai_leaders_do_you_like_and_hate,True,6
Catherine,Chintek45,negative,city_spammer,"Catherine is noted for city spam, though less than Hiawatha.",which_ai_leaders_do_you_like_and_hate,True,6
Washington,Chintek45,mixed,backstabber,Washington is normally friendly but backstabs and declares war when you are weaker.,which_ai_leaders_do_you_like_and_hate,True,6
Gandhi,Gibs960,negative,unpredictable,"Gandhi promised war support but sent no units, costing the author two cities.",which_ai_leaders_do_you_like_and_hate,True,1
Suleiman,Experimentzz,mixed,backstabber,Suleiman was a reliable ally all game but randomly backstabbed in the industrial era.,which_ai_leaders_do_you_like_and_hate,True,5
Alexander,Bicepticlops,negative,warmonger,Alexander immediately denounced and declared war nonstop from the very first meeting.,which_ai_leaders_do_you_like_and_hate,True,1
Alexander,Voffmjau,negative,warmonger,Spawning next to Alexander without a godlike start is cause to quit immediately.,which_ai_leaders_do_you_like_and_hate,True,1
Alexander,christine-bitg,negative,diplomatic,Alexander controls city states and manipulates World Congress votes against players.,which_ai_leaders_do_you_like_and_hate,True,1
Montezuma,christine-bitg,negative,warmonger,Montezuma is described as forever aggressive toward the player.,which_ai_leaders_do_you_like_and_hate,True,1
Shaka,christine-bitg,negative,warmonger,"The Zulu leader is described as too aggressive, similar to Montezuma.",which_ai_leaders_do_you_like_and_hate,True,1
Hiawatha,YogurtclosetPale8785,negative,expansionist,Hiawatha is mentioned with strong frustration and no further elaboration.,which_ai_leaders_do_you_like_and_hate,True,1
Maria Theresa,Hopeful-Repair-1121,negative,expansionist,Maria Theresa absorbs allied city states and denounces players without reason.,which_ai_leaders_do_you_like_and_hate,True,1
Augustus Caesar,Hopeful-Repair-1121,negative,backstabber,Augustus Caesar is a backstabber who denounces quickly in the Classical age.,which_ai_leaders_do_you_like_and_hate,True,1
Pocatello,Hopeful-Repair-1121,negative,expansionist,Pocatello expands rapidly using his unique ability and also builds many wonders.,which_ai_leaders_do_you_like_and_hate,True,1
Haile Selassie,Hopeful-Repair-1121,negative,warmonger,Haile Selassie is a tough domination target due to strong unique units and wonders.,which_ai_leaders_do_you_like_and_hate,True,1
Hiawatha,Hopeful-Repair-1121,negative,expansionist,Hiawatha constantly expands even onto useless tiles throughout the game.,which_ai_leaders_do_you_like_and_hate,True,1
Alexander,Hopeful-Repair-1121,negative,diplomatic,Alexander allies all city states with gold and is hostile to neighboring civilizations.,which_ai_leaders_do_you_like_and_hate,True,1
Bismarck,Hopeful-Repair-1121,negative,warmonger,Bismarck is a hypocritical warmonger who denounces others while expanding aggressively.,which_ai_leaders_do_you_like_and_hate,True,1
Wu Zetian,Hopeful-Repair-1121,negative,backstabber,Wu Zetian is a dramatic backstabber who denounces quickly and acts as an antagonist.,which_ai_leaders_do_you_like_and_hate,True,1
Theodora,zk2020reborn,negative,religious,Theodora is feared for her powerful religious strategy using Religious Center and Jesuit Education.,which_ai_leaders_do_you_like_and_hate,True,2
Dido,treecfc,negative,backstabber,Dido is described as consistently backstabbing someone every game.,which_ai_leaders_do_you_like_and_hate,True,2
Hiawatha,KeyDrive0,negative,expansionist,Hiawatha is immediately cited as one of the worst expansionist leaders in the game.,which_ai_leaders_do_you_like_and_hate,True,1
Alexander,KeyDrive0,negative,city_spammer,"Alexander sends settlers globally, ignoring prime land to settle aggressively near the player.",which_ai_leaders_do_you_like_and_hate,True,1
Doge,KeyDrive0,negative,diplomatic,"Venice's Merchant of Venice permanently annexes city states, disrupting player alliances and war plans.",which_ai_leaders_do_you_like_and_hate,True,1
Nobunaga,unknown,positive,warmonger,Player won their first domination game using Nobunaga.,which_ai_leaders_do_you_like_and_hate,True,1
Boudicca,Medium-Perspective43,negative,religious,"Boudicca is expansionist, aggressive, and spams missionaries frequently.",which_ai_leaders_do_you_like_and_hate,True,1
Alexander,Sniyarki,negative,warmonger,Alexander is considered one of the most hated leaders in the game.,which_ai_leaders_do_you_like_and_hate,True,1
Siam,Sniyarki,negative,unpredictable,Siam is considered one of the most hated leaders in the game.,which_ai_leaders_do_you_like_and_hate,True,1
Harun al-Rashid,Cuavooo,negative,diplomatic,"Arabia finds allies, denounces enemies, and forces religion aggressively.",which_ai_leaders_do_you_like_and_hate,True,1
Genghis Khan,Cuavooo,mixed,warmonger,Mongolia is a loyal ally when behind but turns hostile as a neighbor.,which_ai_leaders_do_you_like_and_hate,True,1
Harun al-Rashid,RedEyeBlueOcean,negative,diplomatic,Arabia nearly won a diplomatic victory and is considered a top-tier threat.,which_ai_leaders_do_you_like_and_hate,True,1
Genghis Khan,RedEyeBlueOcean,mixed,warmonger,"Genghis is loyal unless neighboring you, then becomes a large war threat.",which_ai_leaders_do_you_like_and_hate,True,1
Shaka,Delicious-Diamond-86,negative,warmonger,Strong negative reaction expressed toward Shaka with no further elaboration.,which_ai_leaders_do_you_like_and_hate,True,1
Shaka,Tricky_Rate7883,mixed,warmonger,Shaka is hard to befriend but becomes the most loyal ally if achieved.,which_ai_leaders_do_you_like_and_hate,True,1
Shaka,LinuxAmbassador,positive,warmonger,Shaka has the highest expansion and war stats and is a straightforward extreme warmonger.,which_ai_leaders_do_you_like_and_hate,True,1
Gustavus Adolphus,LinuxAmbassador,negative,expansionist,Gustavus over-expands and never does anything noteworthy as an AI opponent.,which_ai_leaders_do_you_like_and_hate,True,1
Montezuma,Pixielized,negative,warmonger,Extreme hatred expressed toward Montezuma with hyperbolic violent sentiment.,which_ai_leaders_do_you_like_and_hate,True,1
Venice,Traditional_Loan_177,negative,diplomatic,Venice is listed as the most hated leader by this player.,which_ai_leaders_do_you_like_and_hate,True,1
Alexander the Great,firsttimegaren,negative,warmonger,Alexander constantly declares war and cannot be trusted to stay peaceful.,who_is_the_most_warmonger_civ_leader,True,1
Alexander,u/Buddhas_butthole,negative,warmonger,User believes Alexander deserves to be on the warmonger list over others.,who_is_the_most_warmonger_civ_leader,True,1
Alexander,u/VeritableLeviathan,mixed,city_spammer,Alexander settles too many cities and snowballs before targeting weaker opponents.,who_is_the_most_warmonger_civ_leader,True,1
Genghis Khan,lad1dad1,negative,warmonger,Genghis Khan repeatedly declared war every hundred years without stopping.,who_is_the_most_warmonger_civ_leader,True,1
Genghis,hurricane1613286,negative,backstabber,Genghis immediately turned hostile after being shown trust and kindness.,who_is_the_most_warmonger_civ_leader,True,1
Alexander,u/KingHavana,negative,warmonger,User refused to vote because Alexander was not included as a warmonger option.,who_is_the_most_warmonger_civ_leader,True,1
Shaka,Southern_Source_2580,positive,warmonger,Shaka is aggressive but proved loyal by defending the user against Alexander.,who_is_the_most_warmonger_civ_leader,True,1
Alexander,Southern_Source_2580,negative,warmonger,"Alexander attacked the user unprovoked, requiring Shaka's help to repel.",who_is_the_most_warmonger_civ_leader,True,1
Shaka,sesaman,negative,warmonger,User prefers to crush Shaka quickly before he can build powerful impi units.,who_is_the_most_warmonger_civ_leader,True,1
Alexander,u/_Ungespuelt_,negative,backstabber,Alexander will backstab you at any moment making friendship pointless.,who_is_the_most_warmonger_civ_leader,True,1
Shaka,u/_Ungespuelt_,mixed,warmonger,User questions whether Shaka is loyal despite his aggressive warmonger reputation.,who_is_the_most_warmonger_civ_leader,True,1
Shaka,Rico_Rebelde,mixed,warmonger,Shaka is highly aggressive but extremely loyal with very low deceptiveness.,who_is_the_most_warmonger_civ_leader,True,1
Alexander,Rico_Rebelde,negative,backstabber,Alexander has below average loyalty and deceptiveness making him untrustworthy.,who_is_the_most_warmonger_civ_leader,True,1
Shaka,u/Xaphe,positive,warmonger,Shaka is very loyal and maintained friendship even through competing ideologies.,who_is_the_most_warmonger_civ_leader,True,1
Attila,Forsaken_Mousse5271,negative,warmonger,User considers Attila one of the most aggressive warmonger leaders in the game.,who_is_the_most_warmonger_civ_leader,True,1
Shaka,Forsaken_Mousse5271,negative,warmonger,User considers Shaka one of the most aggressive warmonger leaders in the game.,who_is_the_most_warmonger_civ_leader,True,1
Atilla,unknown,negative,warmonger,Atilla hates everyone and war is always guaranteed as his neighbor.,who_is_the_most_warmonger_civ_leader,True,1
Shaka,unknown,mixed,warmonger,Shaka can be loyal and friendly but relentlessly pursues wars for multiple eras.,who_is_the_most_warmonger_civ_leader,True,1
Shaka,u/poesviertwintig,positive,diplomatic,Shaka is a great ally for domination runs when on the other side of the world.,who_is_the_most_warmonger_civ_leader,True,1
Atilla,ZhouDa,negative,warmonger,Atilla demanded cities for peace and kept attacking through multiple waves.,who_is_the_most_warmonger_civ_leader,True,1
Shaka,EfficiencySlight8845,negative,warmonger,Shaka does not back off once he starts attacking and persists for a long time.,who_is_the_most_warmonger_civ_leader,True,1
Shaka,u/rogozh1n,negative,unpredictable,Shaka repeatedly redeclares war even when totally unprepared after being beaten back.,who_is_the_most_warmonger_civ_leader,True,1
Pacal,u/neon_trotsky_,negative,backstabber,Pacal declared an emergency after peacing out and resumed war with a weakened army.,who_is_the_most_warmonger_civ_leader,True,1
Shaka,u/Due_Leather1771,positive,diplomatic,Due_Leather1771 has always had Shaka as an ally in every game played.,who_is_the_most_warmonger_civ_leader,True,1
Napoleon,u/Jefrejtor,negative,warmonger,Napoleon declared war on every single neighboring civ in one game.,who_is_the_most_warmonger_civ_leader,True,1
Attila,Rofdo,negative,warmonger,Attila has the highest war diplomacy bias of 8 according to civdata.com.,who_is_the_most_warmonger_civ_leader,True,1
Ashurbanipal,Rofdo,negative,warmonger,Ashurbanipal has the highest war diplomacy bias of 8 according to civdata.com.,who_is_the_most_warmonger_civ_leader,True,1
Montezuma,Rofdo,negative,warmonger,Montezuma has the highest war diplomacy bias of 8 according to civdata.com.,who_is_the_most_warmonger_civ_leader,True,1
Shaka,Rofdo,negative,expansionist,Shaka has the highest expansion bias of 11 out of all AI leaders.,who_is_the_most_warmonger_civ_leader,True,1
Napoleon,Rofdo,negative,warmonger,Napoleon has the highest war diplomacy bias of 8 according to civdata.com.,who_is_the_most_warmonger_civ_leader,True,1
Montezuma,Sambikes1,negative,warmonger,Montezuma always declares war without exception in the author's experience.,who_is_the_most_warmonger_civ_leader,True,1
Ghandi,u/SkipperJonJones,mixed,unpredictable,Gandhi is mentioned as a meme warmonger reference with no elaboration.,who_is_the_most_warmonger_civ_leader,True,1
Genghis Khan,MeadKing,negative,warmonger,"Genghis Khan constantly attacks City States, ruining all his diplomatic relationships.",who_is_the_most_warmonger_civ_leader,True,1
Shaka,amenoniwa,mixed,warmonger,Shaka is a warmonger but can easily be bribed to attack other AIs.,who_is_the_most_warmonger_civ_leader,True,1
Suleiman,amenoniwa,negative,warmonger,Suleiman forward settles and cannot easily be bribed into wars.,who_is_the_most_warmonger_civ_leader,True,1
Nobunaga,amenoniwa,negative,warmonger,Nobunaga cannot easily be bribed and behaves aggressively like Suleiman.,who_is_the_most_warmonger_civ_leader,True,1
Napoleon,WC-BucsFan,negative,warmonger,Napoleon attacks the author every single game without fail.,who_is_the_most_warmonger_civ_leader,True,1
Napoleon,u/Prithvishivprasad,negative,warmonger,Napoleon is ranked second only to Shaka in warmonger behavior.,who_is_the_most_warmonger_civ_leader,True,1
Shaka,u/Prithvishivprasad,negative,warmonger,Shaka is ranked the top warmonger above Napoleon by the author.,who_is_the_most_warmonger_civ_leader,True,1
Montezuma,u/hagnat,negative,warmonger,Author questions Montezuma's absence from the warmonger discussion implying notoriety.,who_is_the_most_warmonger_civ_leader,True,1
Ghandi,u/burekstein,mixed,unpredictable,Gandhi is cited as the meme answer for most warmongering AI leader.,who_is_the_most_warmonger_civ_leader,True,1
Askia,u/burekstein,negative,warmonger,Askia inevitably declares war when the player has a smaller military.,who_is_the_most_warmonger_civ_leader,True,1
Attila,unknown,negative,backstabber,Attila declares war even when a declaration of friendship is active.,who_is_the_most_warmonger_civ_leader,True,1
Suleiman,Vhal14,positive,peaceful,Suleiman is among the least warmongering leaders based on player experience.,who_is_the_most_warmonger_civ_leader,True,1
Bismarck,Vhal14,positive,peaceful,Bismarck is considered one of the least warmongering leaders by experience.,who_is_the_most_warmonger_civ_leader,True,1
Genghis Khan,Vhal14,negative,warmonger,Genghis Khan always wants to conquer city states.,who_is_the_most_warmonger_civ_leader,True,1
Nobunaga,Vhal14,mixed,warmonger,Nobunaga is described as a mild warmonger.,who_is_the_most_warmonger_civ_leader,True,1
Attila,Vhal14,negative,warmonger,Attila is almost always at war with someone.,who_is_the_most_warmonger_civ_leader,True,1
Shaka,Vhal14,negative,warmonger,Shaka is always at war with somebody when he has his Impi carpet.,who_is_the_most_warmonger_civ_leader,True,1
Montezuma,Vhal14,negative,warmonger,Montezuma is considered on par with Shaka in warmongering.,who_is_the_most_warmonger_civ_leader,True,1
Montezuma,Rossticles,negative,warmonger,Montezuma receives an honorable mention for being highly aggressive.,who_is_the_most_warmonger_civ_leader,True,1
Ramkhamhaeng,Rossticles,negative,unpredictable,Ramkhamhaeng is described as quite testy.,who_is_the_most_warmonger_civ_leader,True,1
Elizabeth,g0tmelk,negative,warmonger,Elizabeth always wants war according to the commenter.,who_is_the_most_warmonger_civ_leader,True,2
Gandhi,Queasy_County,mixed,warmonger,Gandhi's absence from the warmonger list is questioned by the commenter.,who_is_the_most_warmonger_civ_leader,True,1
Montezuma,Life-Ad-6480,negative,warmonger,Montezuma would place 2nd or 3rd on the warmongering list per the OP.,who_is_the_most_warmonger_civ_leader,True,1
Gandhi,SerenityPrim3,negative,warmonger,Gandhi was forgotten but should be on the warmonger list.,who_is_the_most_warmonger_civ_leader,True,1
Shaka,Jayken,mixed,unpredictable,"Shaka is hit or miss, either a best friend or constantly at war.",who_is_the_most_warmonger_civ_leader,True,1
Attila,Jayken,mixed,warmonger,Attila is a monster early game but becomes a joke by late game.,who_is_the_most_warmonger_civ_leader,True,1
Alexander,Boulderfrog1,mixed,warmonger,Alexander's absence from the warmonger list is questioned.,who_is_the_most_warmonger_civ_leader,True,2
Genghis Khan,mrtiptonic,mixed,warmonger,Playing as Genghis Khan with Autocracy yet maintaining highest happiness is ironic.,who_is_the_most_warmonger_civ_leader,True,1
Shaka,Wadero,negative,backstabber,Shaka immediately declared war after taking Poland's capital despite friendly relations.,who_is_the_most_warmonger_civ_leader,True,2
Harald Bluetooth,Wadero,negative,diplomatic,Harald Bluetooth denounced the player for warmonger despite them defending against Shaka.,who_is_the_most_warmonger_civ_leader,True,2
Gandhi,u/moreckm8293,negative,warmonger,Gandhi is called the biggest warmonger and questioned for absence from list.,who_is_the_most_warmonger_civ_leader,True,1
Shaka,u/themolestedsliver,negative,warmonger,Shaka repeatedly declared war and mobilized armies even right after peace deals.,who_is_the_most_warmonger_civ_leader,True,1
Attila,u/Xaphe,negative,warmonger,Attila always attacks City States then escalates to major civilizations.,who_is_the_most_warmonger_civ_leader,True,1
Caesar,Definitely-JT,negative,warmonger,Caesar frequently causes conflict and confrontations with the player.,who_is_the_most_warmonger_civ_leader,True,1
Boudica,unknown,positive,unpredictable,Liked despite a love-hate relationship and erratic sword-dancing behavior.,civfanatics_favorite_hated,False,1
Suleiman,unknown,positive,peaceful,Always seems happy and friendly even when declaring war.,civfanatics_favorite_hated,False,1
Attila,unknown,mixed,warmonger,Friendly later but frequently declares war within first 40 turns.,civfanatics_favorite_hated,False,1
Ashurbanipal,unknown,positive,peaceful,Never goes to war and remains consistently friendly regardless of global politics.,civfanatics_favorite_hated,False,1
Wu Zetian,unknown,positive,diplomatic,Neutral and frequently becomes a reliable trading partner or ally.,civfanatics_favorite_hated,False,1
Shaka,unknown,mixed,warmonger,Aggressive but honest and transparent in his diplomatic attitudes.,civfanatics_favorite_hated,False,1
Ramses II,unknown,negative,wonder_builder,"Weird AI, constantly guarded and obsessed with building every wonder.",civfanatics_favorite_hated,False,1
Elizabeth,unknown,negative,unpredictable,"Extremely annoying, erratic, and randomly hostile without clear reason.",civfanatics_favorite_hated,False,1
Ramkhamhaeng,unknown,negative,backstabber,Attacks neighbors freely but complains when the player does the same.,civfanatics_favorite_hated,False,1
Isabella,unknown,negative,religious,"Spams missionaries, flip-flops between friendly and hostile, constantly denounces.",civfanatics_favorite_hated,False,1
Kamehameha,unknown,negative,expansionist,Aggressively settles cities in the middle of the player's empire every game.,civfanatics_favorite_hated,False,1
Haile Selassie,unknown,negative,backstabber,Picks on others but complains to everyone when retaliated against.,civfanatics_favorite_hated,False,1
Pacal,unknown,negative,wonder_builder,Grabs every faith wonder and denounces players who compete with him.,civfanatics_favorite_hated,False,1
Ahmad al-Mansur,unknown,negative,expansionist,Settles cities uncomfortably close to the player's capital.,civfanatics_favorite_hated,False,1
William,unknown,negative,expansionist,Settles cities uncomfortably close to the player's capital.,civfanatics_favorite_hated,False,1
Oda Nobunaga,unknown,negative,warmonger,Drops cities nearby then declares war and remains hostile indefinitely.,civfanatics_favorite_hated,False,1
Boudicca,unknown,positive,unpredictable,Listed among liked leaders by the second commenter.,civfanatics_favorite_hated,False,1
William of Orange,unknown,positive,diplomatic,Listed among liked leaders by the second commenter.,civfanatics_favorite_hated,False,1
Dido,unknown,positive,expansionist,Listed among liked leaders by the second commenter.,civfanatics_favorite_hated,False,1
Harald Bluetooth,unknown,positive,warmonger,Described as reasonable and friendly but still loves to fight wars.,civfanatics_favorite_hated,False,1
Pachacuti,unknown,mixed,backstabber,Similar to Harald but smaller positives and described as more treacherous.,civfanatics_favorite_hated,False,1
Askia,unknown,mixed,expansionist,Often weak punching bag but annoyingly settles distant cities near the player.,civfanatics_favorite_hated,False,1
Catherine,unknown,mixed,unpredictable,Used to be strong competition and runaway but now frequently gets dominated.,civfanatics_favorite_hated,False,1
Bismarck,unknown,positive,warmonger,Described as a relatively nice guy who likes to fight and started running away.,civfanatics_favorite_hated,False,1
Neby,unknown,mixed,peaceful,A joy to encounter but unfortunately not very competent as an AI.,civfanatics_favorite_hated,False,1
Monty,unknown,positive,warmonger,Humorously declares wars then immediately offers peace deals with concessions.,civfanatics_favorite_hated,False,1
Alexander,unknown,negative,expansionist,"Described as unreasonable, hateful for no reason, and typically a runaway expander.",civfanatics_favorite_hated,False,1
Hiawatha,unknown,negative,city_spammer,Expands in useless places and can overwhelm most other AIs early on.,civfanatics_favorite_hated,False,1
Polynesia,unknown,negative,expansionist,Meets others before the player and madly expands toward the player's territory.,civfanatics_favorite_hated,False,1
Sejong,unknown,negative,warmonger,"Sejong techs extremely fast, spams cities, then attacks with superior units.",civfanatics_favorite_hated,False,1
Ramesses,unknown,negative,wonder_builder,"Ramesses constantly steals wonders, leaving none for others.",civfanatics_favorite_hated,False,1
Gustavus,unknown,mixed,warmonger,Gustavus is worth befriending but implied threatening if not allied.,civfanatics_favorite_hated,False,1
Augustus,unknown,negative,warmonger,Augustus will predictably invade if you start nearby.,civfanatics_favorite_hated,False,1
Wu,unknown,positive,peaceful,Wu has great theme music and is usually quite reasonable to deal with.,civfanatics_favorite_hated,False,1
Nebuchadnezzar,unknown,positive,peaceful,Nebby is generally good to be friends with.,civfanatics_favorite_hated,False,1
Washington,unknown,positive,peaceful,Washington is a very loyal friend unless you pursue warmongering.,civfanatics_favorite_hated,False,1
Ahmad,unknown,positive,diplomatic,Ahmad is always friendly and easy to maintain good relations with.,civfanatics_favorite_hated,False,1
Augustus Caesar,unknown,negative,backstabber,Augustus often backstabs shortly after offering friendship.,civfanatics_favorite_hated,False,1
Darius,unknown,negative,warmonger,Darius builds a massive army and warmongering under the radar.,civfanatics_favorite_hated,False,1
Gustavus Adolphus,unknown,positive,diplomatic,"Gustavus is extremely reasonable, warm, and generally a reliable ally.",civfanatics_favorite_hated,False,1
Napoleon,unknown,mixed,warmonger,Napoleon aggressively invades weak civs but is predictable and easily bribed.,civfanatics_favorite_hated,False,1
Theodora,unknown,mixed,backstabber,Theodora is generally easygoing but can be moody and backstab occasionally.,civfanatics_favorite_hated,False,1
Gandhi,unknown,mixed,peaceful,Gandhi is passive and friendly but considered a pushover with no military threat.,civfanatics_favorite_hated,False,1
Pocatello,unknown,positive,peaceful,Pocatello is very passive and straightforwardly fair in dealings.,civfanatics_favorite_hated,False,1
Genghis Khan,unknown,mixed,warmonger,Genghis rarely poses a major threat technologically and can be bribed easily.,civfanatics_favorite_hated,False,1
Maria Theresa,unknown,negative,unpredictable,"Maria Theresa is extremely passive-aggressive, stealing city states and constantly annoying.",civfanatics_favorite_hated,False,1
Alexander the Great,unknown,negative,warmonger,Alexander has the most annoying voice and declares war early while hogging city states.,civfanatics_favorite_hated,False,1
Alejandro,unknown,negative,diplomatic,Constantly targets crucial city-state allies making them nearly impossible to reclaim.,civfanatics_favorite_hated,False,1
Cassimir,unknown,positive,peaceful,Remarkably forgiving AI that seeks friendship even after losing cities in war.,civfanatics_favorite_hated,False,1
Pedro II,unknown,positive,diplomatic,Easy to deal with and almost always willing to form declarations of friendship.,civfanatics_favorite_hated,False,1
Ahmad Al Mansur,unknown,mixed,wonder_builder,Easy to befriend but annoyingly steals wonders despite being an ally.,civfanatics_favorite_hated,False,1
Montezuma,unknown,negative,warmonger,"Irritating and arrogant, constantly insulting and making demands regarding city states.",civfanatics_favorite_hated,False,1
Ahmad Al-Mansur,unknown,positive,diplomatic,Described as a reliable ally focused on trade and avoiding war for profit.,civfanatics_favorite_hated,False,1
Enrico Dandolo,unknown,positive,diplomatic,Portrayed as a friendly old man always proposing profitable trade schemes.,civfanatics_favorite_hated,False,1
Alex,unknown,negative,warmonger,Denounces players from extreme distances unprovoked and repeatedly.,civfanatics_favorite_hated,False,1
Genghis,unknown,mixed,warmonger,Genghis is a reliable late-game war partner but eats city states annoyingly.,civfanatics_favorite_hated,False,1
Harun Al-Rashid,unknown,mixed,city_spammer,Generally a good friend but tends to spam cities in the late game.,civfanatics_favorite_hated,False,1
Bismark,unknown,mixed,backstabber,Most reasonable warmonger but suffers from frequent and chronic backstabbing behavior.,civfanatics_favorite_hated,False,1
Ghandi,unknown,negative,unpredictable,Constantly denounces and harasses the player regardless of their actions.,civfanatics_favorite_hated,False,1
Rammy,unknown,negative,backstabber,Launches surprise attacks then hypocritically denounces the player after losing.,civfanatics_favorite_hated,False,1
William,Cpt Oblivious,positive,diplomatic,William is friendly and proactively brings Research Agreements to the player.,civfanatics_favorite_hated,False,1
Theodora,Cpt Oblivious,positive,peaceful,Theodora is a willing ally and rarely backstabs despite being passive.,civfanatics_favorite_hated,False,1
Montezuma,Cpt Oblivious,mixed,warmonger,Montezuma is consistent and entertaining but aggressive and unpredictable early game.,civfanatics_favorite_hated,False,1
William,njmfff,negative,unpredictable,William asks for DoF then turns Guarded the same turn for no reason.,civfanatics_favorite_hated,False,1
Theodora,njmfff,positive,diplomatic,Theodora is a good friend who never backstabs and offers constant trade deals.,civfanatics_favorite_hated,False,1
Montezuma,njmfff,mixed,warmonger,Montezuma is forgiving and will seek friendship even after repeated wars.,civfanatics_favorite_hated,False,1
Cathy,njmfff,mixed,unpredictable,Cathy either wants to kill you or remains a trusted friend until the end.,civfanatics_favorite_hated,False,1
August,njmfff,mixed,backstabber,August is either very loyal or backstabs depending on proximity and situation.,civfanatics_favorite_hated,False,1
Nebuchadnezzar,njmfff,negative,wonder_builder,Nebuchadnezzar is guarded and repeatedly denounces players who build wonders he wants.,civfanatics_favorite_hated,False,1
Askia,njmfff,negative,backstabber,"Askia backstabs, hypocritically hates warmongers, and suicidally picks fights he loses.",civfanatics_favorite_hated,False,1
Ghandi,njmfff,positive,wonder_builder,Gandhi is a reliable trade partner who rarely expands but hoards cultural wonders.,civfanatics_favorite_hated,False,1
Alexander,unknown,negative,warmonger,Alexander spontaneously declares war and acts hyper-aggressively like a schoolyard bully.,civfanatics_most_annoying,False,1
Augustus,unknown,negative,backstabber,Augustus repeatedly backstabs by attacking during wars then feigning friendship afterward.,civfanatics_most_annoying,False,1
Washington,unknown,negative,expansionist,Washington falsely accuses the player of aggression then attacks in an expansionist frenzy.,civfanatics_most_annoying,False,1
Bismark,unknown,negative,unpredictable,"Bismark is described as irrational and vexing, appearing frequently in random games.",civfanatics_most_annoying,False,1
Babylon,unknown,negative,unpredictable,Babylon's leader is unpleasant and off-putting to deal with as an opponent.,civfanatics_most_annoying,False,1
Elisabeth,unknown,negative,unpredictable,Elisabeth is impossible to please and turns hostile almost immediately upon meeting.,civfanatics_most_annoying,False,1
Gandhi,unknown,negative,peaceful,Gandhi stays peaceful but constantly insults the player despite having few cities.,civfanatics_most_annoying,False,1
Ramses,unknown,mixed,wonder_builder,Ramses only becomes an issue when the player builds many wonders.,civfanatics_most_annoying,False,1
Ghandi,unknown,negative,unpredictable,Gandhi is an untrustworthy and irritating presence throughout the game.,civfanatics_most_annoying,False,1
Ramkhamhaeng,unknown,negative,backstabber,"Ramkhamhaeng betrayed the player's trust once, leaving a lasting negative impression.",civfanatics_most_annoying,False,1
China,unknown,negative,warmonger,China is arrogant but fails to back it up with actual battlefield performance.,civfanatics_most_annoying,False,1
Monty,unknown,mixed,warmonger,Monty is enjoyably overconfident and entertaining when he overextends himself.,civfanatics_most_annoying,False,1
Ottomans,unknown,negative,warmonger,The Ottomans frequently declare early wars but never manage to cause real damage.,civfanatics_most_annoying,False,1
Siam,unknown,negative,warmonger,Siam is called a warmonger for destroying the Ottomans.,civfanatics_most_annoying,False,1
Elizabeth,unknown,negative,backstabber,Elizabeth is basically never friendly and always an annoyance.,civfanatics_most_annoying,False,1
Bismarck,unknown,negative,warmonger,Bismarck is among the leaders who hate the player most.,civfanatics_most_annoying,False,1
Greece,unknown,negative,diplomatic,Greece frequently buys out every city state early in the game.,civfanatics_most_annoying,False,1
France,unknown,negative,diplomatic,"France also buys city states aggressively, complicating early diplomacy.",civfanatics_most_annoying,False,1
Elizabeth,ense7en,negative,unpredictable,Elizabeth is basically never friendly and always an annoyance to deal with.,civfanatics_most_annoying,False,1
Alexander,ense7en,negative,diplomatic,Greece loves to buy out every single city state early in the game.,civfanatics_most_annoying,False,1
Napoleon,ense7en,negative,diplomatic,France loves to buy out every single city state early in the game.,civfanatics_most_annoying,False,1
Catherine,unknown,negative,backstabber,Catherine steals allied city states then hypocritically complains about your influence.,civfanatics_most_annoying,False,1
Wu Zetian,unknown,negative,wonder_builder,China building the Great Wall one square at a time is especially tedious.,civfanatics_most_annoying,False,1
Hiawatha,unknown,negative,expansionist,Hiawatha often spawns alone on a continent and races ahead in science.,civfanatics_most_annoying,False,1
Suleiman,unknown,negative,warmonger,The Ottomans declare war from across the continent with no realistic chance of winning.,civfanatics_most_annoying,False,1
Alex,unknown,negative,warmonger,Alex maintains a dangerous army while keeping up science and policies throughout.,civfanatics_strongest_ai,False,1
Darius,unknown,negative,wonder_builder,"Darius skyrockets ahead in production, science, policies, and wonders consistently.",civfanatics_strongest_ai,False,1
Catherine,unknown,negative,city_spammer,Catherine spams cities and wonders while maintaining strong science and military presence.,civfanatics_strongest_ai,False,1
Atilla,unknown,mixed,warmonger,"Atilla destroys early neighbors but burns cities, becoming irrelevant in mid-late game.",civfanatics_strongest_ai,False,1
Shaka,unknown,mixed,warmonger,Shaka kills many early but falls behind technologically and earns global ire.,civfanatics_strongest_ai,False,1
Dido,unknown,mixed,expansionist,Dido falls off mid-late game after focusing too much on military over infrastructure.,civfanatics_strongest_ai,False,1
the Khan,unknown,mixed,warmonger,The Khan focuses on early military but lacks sustainability for late-game victory.,civfanatics_strongest_ai,False,1
Cathy,unknown,positive,expansionist,Cathy can run away with science or culture victories using Rationalism.,civfanatics_strongest_ai,False,1
Sejong,unknown,positive,peaceful,Sejong is a strong candidate for science or culture victories with Rationalism.,civfanatics_strongest_ai,False,1
Maria,unknown,positive,wonder_builder,Maria can get far ahead as a culture civ beelining internet with Rationalism.,civfanatics_strongest_ai,False,1
Napoleon,unknown,positive,wonder_builder,Napoleon can advance far as a culture civ using Rationalism and internet beeline.,civfanatics_strongest_ai,False,1
Ramses,unknown,positive,wonder_builder,Ramses can get far ahead as a culture civ with Rationalism beelining internet.,civfanatics_strongest_ai,False,1
Pedro,unknown,positive,wonder_builder,Pedro can advance significantly as a culture civ using Rationalism.,civfanatics_strongest_ai,False,1
Kamehameha,unknown,positive,wonder_builder,Kamehameha can get far ahead as a culture civ with Rationalism.,civfanatics_strongest_ai,False,1
Attila,miaasma,positive,warmonger,Attila can run away with the game by conquering enough capitals.,civfanatics_strongest_ai,False,1
alex,miaasma,positive,diplomatic,"Alex is always allied with every city state, gaining significant advantages.",civfanatics_strongest_ai,False,1
America,miaasma,positive,unpredictable,America magically comes out ahead in nearly every game for unclear reasons.,civfanatics_strongest_ai,False,1
Egypt,unknown,positive,wonder_builder,Egypt's natural wonder mongering with Tradition makes them a strong tall civ.,civfanatics_strongest_ai,False,1
Shoshone,unknown,positive,expansionist,"Shoshone combines expansionism and Rationalism for fast, powerful victories.",civfanatics_strongest_ai,False,1
Korea,unknown,mixed,peaceful,Korea used to win effectively but became weaker after the Piety patch.,civfanatics_strongest_ai,False,1
Poca,unknown,positive,peaceful,Pocatello is one of the few AIs who frequently chooses Rationalism.,civfanatics_strongest_ai,False,1
America,unknown,positive,wonder_builder,America is noticed for extreme wonder building and leading the tech race.,civfanatics_strongest_ai,False,1
Alexander,unknown,negative,diplomatic,Alexander is the strongest AI and must be controlled by limiting city-states.,civfanatics_strongest_ai,False,1
Bismarck,unknown,negative,expansionist,Bismarck is a perennial runaway in the author's games.,civfanatics_strongest_ai,False,1
Casimir,unknown,positive,peaceful,Casimir is less frequently a runaway but always stays relevant.,civfanatics_strongest_ai,False,1
Pocatello,unknown,positive,expansionist,Pocatello is less frequently a runaway but consistently remains relevant.,civfanatics_strongest_ai,False,1
Suleiman,unknown,positive,peaceful,Suleiman is less frequently a runaway but always stays at least relevant.,civfanatics_strongest_ai,False,1
Germany,Popedesu,negative,city_spammer,Germany relentlessly settles every available tile including tiny and poor locations.,civfanatics_strongest_ai,False,1
Hiawatha,unknown,negative,expansionist,"Hiawatha became a runaway in Gods and Kings, causing genuine fear.",civfanatics_strongest_ai,False,1
Caesar,unknown,negative,warmonger,"Caesar conquered many cities rapidly despite severe unhappiness penalties, throwing modern units.",civfanatics_strongest_ai,False,1
Russia,unknown,mixed,expansionist,Russia rises early in power rankings but always plateaus without achieving victory.,civfanatics_strongest_ai,False,1
Babylon,unknown,negative,peaceful,"Babylon consistently threatens a spaceship victory, forcing others to shift strategy.",civfanatics_strongest_ai,False,1
Mongolia,unknown,negative,warmonger,Mongolia consistently converts conquests into a real chance at victory condition.,civfanatics_strongest_ai,False,1
Rome,unknown,positive,expansionist,Rome is listed among civs that genuinely compete for victory conditions.,civfanatics_strongest_ai,False,1
Poland,unknown,positive,expansionist,Poland is noted as a heavy hitter that truly competes in games.,civfanatics_strongest_ai,False,1
Ethiopia,unknown,positive,peaceful,Ethiopia is mentioned as one of the civs that can really compete.,civfanatics_strongest_ai,False,1
Siam,unknown,positive,diplomatic,Siam is listed among civs that genuinely compete for victory conditions.,civfanatics_strongest_ai,False,1
Arabia,unknown,positive,peaceful,Arabia dominates science from the Renaissance onward even if less relevant early.,civfanatics_strongest_ai,False,1
Iroquois,unknown,mixed,expansionist,Iroquois used to compete strongly but has weakened after several patches.,civfanatics_strongest_ai,False,1
Venice,unknown,mixed,diplomatic,Venice is targeted early when capital becomes valuable enough to capture.,civfanatics_strongest_ai,False,1
Zulu,unknown,negative,warmonger,"Zulu frequently puppets and annexes cities, marking them as true warmongers.",civfanatics_strongest_ai,False,1
Huns,unknown,negative,warmonger,"Huns commonly puppet and annex cities, qualifying as true warmongers.",civfanatics_strongest_ai,False,1
Assyria,unknown,negative,warmonger,Assyria frequently puppets or annexes cities like other true warmongers.,civfanatics_strongest_ai,False,1
Gandhi,unknown,mixed,unpredictable,"Gandhi is humorously referenced as a nuclear threat, subverting his peaceful reputation.",civfanatics_strongest_ai,False,1
Zulu,miaasma,mixed,warmonger,Zulu are aggressive neighbors but never seem to achieve victory conditions.,civfanatics_strongest_ai,False,1
Zulu,ShakaKhan,mixed,warmonger,Zulu constantly threaten players but fail to contest any victory condition.,civfanatics_strongest_ai,False,1
Theodora,ShakaKhan,negative,expansionist,"Theodora consistently becomes a runaway leader, especially without founding a religion.",civfanatics_strongest_ai,False,1
Sweden,docbud,negative,expansionist,Sweden aggressively forward settled close to borders to steal valuable resource tiles.,civfanatics_strongest_ai,False,1
